序号,Name,TagNo,仪表描述,单位,量程上限,量程下限,SourceTag,CollectorName
1,HLU1_FHC3123A_PV,,,,99999,-99,FHC3123A.MV,RDI_HLU1
2,HLU1_FHC3123C_PV,,,,99999,-99,FHC3123C.MV,RDI_HLU1
3,HLU1_FI3105B_PV,,P3102出口流量指示,TONNE/HR,200,0,FI3105B.PV,RDI_HLU1
4,HLU1_FI3106_PV,,E3101A/B旁路流量指示,TONNE/HR,135,0,FI3106.PV,RDI_HLU1
5,HLU1_FI3114_PV,,R3101急冷氢流量指示,NM3/HR,26000,0,FI3114.PV,RDI_HLU1
6,HLU1_FI3115_PV,,R3102入口急冷氢流量指示,NM3/HR,30000,0,FI3115.PV,RDI_HLU1
7,HLU1_FI3116_PV,,R3102第二床层入口急冷氢流量指示,NM3/HR,30000,0,FI3116.PV,RDI_HLU1
8,HLU1_FI3117_PV,,R3102第三床层入口急冷氢流量指示,NM3/HR,36000,-10,FI3117.PV,RDI_HLU1
9,HLU1_FI3118_PV,,R3102急冷氢流量指示,NM3/HR,40000,0,FI3118.PV,RDI_HLU1
10,HLU1_FI3119A_PV,,E3103入口流量指示,NM3/HR,280000,0,FI3119A.PV,RDI_HLU1
11,HLU1_FI3119B_PV,,E3103入口流量指示,NM3/HR,280000,0,FI3119B.PV,RDI_HLU1
12,HLU1_FI3120_PV,,热低分油流量指示,TONNE/HR,180,0,FI3120.PV,RDI_HLU1
13,HLU1_FI3123B_PV,,P3103出口流量指示,TONNE/HR,11,0,FI3123B.PV,RDI_HLU1
14,HLU1_FI3128_PV,,K3102入口流量指示,NM3/HR,400000,0,FI3128.PV,RDI_HLU1
15,HLU1_FI3129_PV,,K3102反飞动管流量指示,NM3/HR,150000,0,FI3129.PV,RDI_HLU1
16,HLU1_FI3132_PV,,D3110入口氮气流量指示,NM3/HR,5000,0,FI3132.PV,RDI_HLU1
17,HLU1_FI3135_PV,,K3101B入口流量指示,NM3/HR,26000,0,FI3135.PV,RDI_HLU1
18,HLU1_FI3136_PV,,K3101C入口流量指示,NM3/HR,26000,0,FI3136.PV,RDI_HLU1
19,HLU1_FI3201_PV,,脱气塔进料量指示,TONNE/HR,210,0,FI3201.PV,RDI_HLU1
20,HLU1_FI3202_PV,,脱气塔顶泵出口流量指示,TONNE/HR,56,-10,FI3202.PV,RDI_HLU1
21,HLU1_FI3215_PV,,C3204进料流量指示,TONNE/HR,77,0,FI3215.PV,RDI_HLU1
22,HLU1_FI3217_PV,,C3203进料流量指示,TONNE/HR,55,0,FI3217.PV,RDI_HLU1
23,HLU1_FI3226_PV,,D3203气态烃流量指示,NM3/HR,60,-10,FI3226.PV,RDI_HLU1
24,HLU1_FI3233_PV,,P3209出口流量指示,TONNE/HR,84,0,FI3233.PV,RDI_HLU1
25,HLU1_FI3420_PV,,D3410入口流量指示,TONNE/HR,24,0,FI3420.PV,RDI_HLU1
26,HLU1_FIC3103_PV,,P-3102B入口流量调节,TONNE/HR,200,0,FIC3103.PV,RDI_HLU1
27,HLU1_FIC3104_PV,,P-3102A入流量调节,TONNE/HR,200,0,FIC3104.PV,RDI_HLU1
28,HLU1_FIC3105A_PV,,P-3102出口流量调节,TONNE/HR,200,0,FIC3105A.PV,RDI_HLU1
29,HLU1_FIC3108_PV,,F3101燃料气支管流量调节,NM3/HR,2000,0,FIC3108.PV,RDI_HLU1
30,HLU1_FIC3109_PV,,F3101燃料气支管流量调节,NM3/HR,1200,0,FIC3109.PV,RDI_HLU1
31,HLU1_FIC3123A_PV,,P3103出口流量调节,TONNE/HR,11,0,FIC3123A.PV,RDI_HLU1
32,HLU1_FIC3126_PV,,冷低分油流量控制,TONNE/HR,65,0,FIC3126.PV,RDI_HLU1
33,HLU1_FIC3127_PV,,反应系统废氢排放控制,NM3/HR,3500,0,FIC3127.PV,RDI_HLU1
34,HLU1_FIC3140_PV,,罐区来开工油流量调节,TONNE/HR,130,0,FIC3140.PV,RDI_HLU1
35,HLU1_FIC3203_PV,,C3201底汽提蒸汽流量调节,TONNE/HR,2.3,0,FIC3203.PV,RDI_HLU1
36,HLU1_FIC3206_PV,,F3201进料一流量调节(与LIC3201串级的付回路),TONNE/HR,50,0,FIC3206.PV,RDI_HLU1
37,HLU1_FIC3207_PV,,F3201进料二流量调节(与LIC3201串级的付回路),TONNE/HR,50,0,FIC3207.PV,RDI_HLU1
38,HLU1_FIC3208_PV,,F3201进料三流量调节(与LIC3201串级的付回路),TONNE/HR,50,0,FIC3208.PV,RDI_HLU1
39,HLU1_FIC3209_PV,,F3201进料四流量调节(与LIC3201串级的付回路),TONNE/HR,50,0,FIC3209.PV,RDI_HLU1
40,HLU1_FIC3210_PV,,F3201燃料气流量调节（与TIC3224串级的付回路）,NM3/HR,2400,0,FIC3210.PV,RDI_HLU1
41,HLU1_FIC3211_PV,,分馏塔顶回流量控制,TONNE/HR,160,0,FIC3211.PV,RDI_HLU1
42,HLU1_FIC3212_PV,,C3202一中回流流量调节,TONNE/HR,87,0,FIC3212.PV,RDI_HLU1
43,HLU1_FIC3213_PV,,C3202二中回流流量调节,TONNE/HR,150,0,FIC3213.PV,RDI_HLU1
44,HLU1_FIC3214_PV,,C3202底蒸汽流量调节,TONNE/HR,3.4,0,FIC3214.PV,RDI_HLU1
45,HLU1_FIC3216_PV,,C3204汽提蒸汽流量调节,TONNE/HR,0.75,0,FIC3216.PV,RDI_HLU1
46,HLU1_FIC3223_PV,,分馏塔顶去石脑油塔流量控制,TONNE/HR,50,0,FIC3223.PV,RDI_HLU1
47,HLU1_FIC3224_PV,,C3205顶回流流量调节（与TIC3257串级的付回路）,TONNE/HR,100,0,FIC3224.PV,RDI_HLU1
48,HLU1_FIC3225_PV,,E3207管程入口流量调节（与TIC3263串级的付回路）,TONNE/HR,87,0,FIC3225.PV,RDI_HLU1
49,HLU1_FIC3231_PV,,P3202出口流量调节,TONNE/HR,55,-10,FIC3231.PV,RDI_HLU1
50,HLU1_FIC3234_PV,,开工油流量调节,TONNE/HR,110,0,FIC3234.PV,RDI_HLU1
51,HLU1_FIC3241_PV,,,,99999,-99,FIC3241.PV,RDI_HLU1
52,HLU1_FIC3243_PV,,E-3205重沸器蒸汽耗量,TONNE/HR,99999,-99,FIC3243.PV,RDI_HLU1
53,HLU1_FIC3410_PV,,0.35MPa蒸汽去F3201流量调节(与PIC3407串级的付回路),TONNE/HR,3.9,0,FIC3410.PV,RDI_HLU1
54,HLU1_FICQ3101_PV,,D3101入口流量调节(与LIC3410串级的付回路),TONNE/HR,300,0,FICQ3101.PV,RDI_HLU1
55,HLU1_FICQ3147_PV,,化工氢气进装置流量指示测量累积,TONNE,35000,0,FICQ3147.PV,RDI_HLU1
56,HLU1_FICQ3219_PV,,航煤出装置流量控制,TONNE/HR,50,0,FICQ3219.PV,RDI_HLU1
57,HLU1_FICQ3220_PV,,柴油出装置流量控制,TONNE/HR,70,0,FICQ3220.PV,RDI_HLU1
58,HLU1_FIQ1007_PV,,40000Nm3/小时制氢单元循环冷水进装置,TONNE,99999999,0,FIQ1007.PV,RDI_HLU1
59,HLU1_FIQ1008_PV,,40000Nm3/小时制氢单元循环热水出装置,TONNE,99999999,0,FIQ1008.PV,RDI_HLU1
60,HLU1_FIQ3102_PV,,反冲洗油出装置流量测量,TONNE/HR,200,-20,FIQ3102.PV,RDI_HLU1
61,HLU1_FIQ3107_PV,,F3101燃料气流量,NM3/HR,2000,0,FIQ3107.PV,RDI_HLU1
62,HLU1_FIQ3121_PV,,120万吨/年加氢裂化除盐水进装置,TONNE,99999999,0,FIQ3121.PV,RDI_HLU1
63,HLU1_FIQ3122_PV,,120万吨/年加氢裂化凝结水出装置,TONNE,99999999,0,FIQ3122.PV,RDI_HLU1
64,HLU1_FIQ3124_PV,,120万吨/年加氢裂化含硫污水出装置,TONNE/HR,99999999,0,FIQ3124.PV,RDI_HLU1
65,HLU1_FIQ3125_PV,,D3106顶出口流量测量,NM3/HR,8000,0,FIQ3125.PV,RDI_HLU1
66,HLU1_FIQ3130_PV,,反应系统补充氢气量,NM3/HR,56000,0,FIQ3130.PV,RDI_HLU1
67,HLU1_FIQ3131_PV,,D3109入口氢气流量指示,NM3/HR,80000,0,FIQ3131.PV,RDI_HLU1
68,HLU1_FIQ3146_PV,,氢气出装置流量指示,NM3/HR,30000,0,FIQ3146.PV,RDI_HLU1
69,HLU1_FIQ3205_PV,,D3201顶放火炬流量指示,NM3/HR,5000,0,FIQ3205.PV,RDI_HLU1
70,HLU1_FIQ3222_PV,,尾油出装置流量指示,TONNE/HR,90,0,FIQ3222.PV,RDI_HLU1
71,HLU1_FIQ3227_PV,,轻石脑油出装置流量指示,TONNE/HR,99,-1,FIQ3227.PV,RDI_HLU1
72,HLU1_FIQ3228_PV,,轻石脑油出装置流量,TONNE/HR,70,0,FIQ3228.PV,RDI_HLU1
73,HLU1_FIQ3242_PV,,,,99999,-99,FIQ3242.PV,RDI_HLU1
74,HLU1_FIQ3250_PV,,不合格尾油流量累积,TONNE/HR,100,-10,FIQ3250.PV,RDI_HLU1
75,HLU1_FIQ3301_PV,,蒸汽发生器给水流量测量,TONNE/HR,22,0,FIQ3301.PV,RDI_HLU1
76,HLU1_FIQ3302_PV,,D3301出口蒸汽流量测量,TONNE/HR,10,0,FIQ3302.PV,RDI_HLU1
77,HLU1_FIQ3401_PV,,污油泵P3401出口流量指示累积,TONNE/HR,57,0,FIQ3401.PV,RDI_HLU1
78,HLU1_FIQ3402_PV,,120万吨/年加氢裂化低压氮气进装置,NM3,1000000,0,FIQ3402.PV,RDI_HLU1
79,HLU1_FIQ3403_PV,,120万吨/年加氢裂化高压氮气,NM3,1000000,0,FIQ3403.PV,RDI_HLU1
80,HLU1_FIQ3404_PV,,120万吨/年加氢裂化净化风进装置,NM3,1000000,0,FIQ3404.PV,RDI_HLU1
81,HLU1_FIQ3405_PV,,120万吨/年加氢裂化非净化风进装置,NM3,1000000,0,FIQ3405.PV,RDI_HLU1
82,HLU1_FIQ3406_PV,,120万吨/年加氢裂化管网来燃料气,NM3,1000000,0,FIQ3406.PV,RDI_HLU1
83,HLU1_FIQ3407_PV,,D3408出口燃料气流量指示累积,NM3/HR,4900,0,FIQ3407.PV,RDI_HLU1
84,HLU1_FIQ3408_PV,,120万吨/年加氢裂化透平用中压3.6MPa蒸汽,TONNE,99999999,0,FIQ3408.PV,RDI_HLU1
85,HLU1_FIQ3409_PV,,D3408出口1.0MPa蒸汽流量指示累积,TONNE/HR,56,0,FIQ3409.PV,RDI_HLU1
86,HLU1_FIQ3411_PV,,120万吨/年加氢裂化1.0MPa蒸汽进装置,TONNE,99999999,0,FIQ3411.PV,RDI_HLU1
87,HLU1_FIQ3412_PV,,D3404蒸汽出口流量指示累积,TONNE/HR,8.9,0,FIQ3412.PV,RDI_HLU1
88,HLU1_FIQ3415_PV,,120万吨/年加氢裂化采暖热水进装置,TONNE,99999999,0,FIQ3415.PV,RDI_HLU1
89,HLU1_FIQ3416_PV,,120万吨/年加氢裂化循环热水出装置,TONNE,99999999,0,FIQ3416.PV,RDI_HLU1
90,HLU1_FIQ3417_PV,,120万吨/年加氢裂化除盐水总管进装置,TONNE,99999999,0,FIQ3417.PV,RDI_HLU1
91,HLU1_FIQ3418_PV,,120万吨/年加氢裂化低压燃料气进装置,NM3,1000000,0,FIQ3418.PV,RDI_HLU1
92,HLU1_FIQ3419_PV,,120万吨/年加氢裂化循环冷水进装置,TONNE,99999999,0,FIQ3419.PV,RDI_HLU1
93,HLU1_FIQ3425_PV,,120万吨/年加氢裂化氮气进装置,NM3,1000000,0,FIQ3425.PV,RDI_HLU1
94,HLU1_FY3243_PV,,,,200,-10,FY3243.PV,RDI_HLU1
95,HLU1_LDICA3242_PV,,M-3201液位,%,99999,-99,LDICA3242.PV,RDI_HLU1
96,HLU1_LI3107_PV,,D3103液位指示,%,1000,0,LI3107.PV,RDI_HLU1
97,HLU1_LI3113_PV,,D3105液位指示,%,100,0,LI3113.PV,RDI_HLU1
98,HLU1_LI3115_PV,,D3105液位指示,%,100,-10,LI3115.PV,RDI_HLU1
99,HLU1_LI3120_PV,,D3107液位指示,%,200,-20,LI3120.PV,RDI_HLU1
100,HLU1_LI3121_PV,,D3109液位指示,%,200,-20,LI3121.PV,RDI_HLU1
101,HLU1_LI3241A_PV,,,,99999,-99,LIA3241A.PV,RDI_HLU1
102,HLU1_LI3306_PV,,D3303液位指示,%,100,0,LI3306.PV,RDI_HLU1
103,HLU1_LI3401_PV,,D3401液位指示,%,100,-10,LI3401.PV,RDI_HLU1
104,HLU1_LI3403_PV,,D3402液位指示,%,100,0,LI3403.PV,RDI_HLU1
105,HLU1_LI3404_PV,,D3409液位指示,%,100,-20,LI3404.PV,RDI_HLU1
106,HLU1_LIC3101_PV,,D3101液位调节,%,100,0,LIC3101.PV,RDI_HLU1
107,HLU1_LIC3105_PV,,D3102液位调节,%,100,0,LIC3105.PV,RDI_HLU1
108,HLU1_LIC3108_PV,,D-3103液位控制,%,100,0,LIC3108.PV,RDI_HLU1
109,HLU1_LIC3110_PV,,D3104液位控制,%,100,0,LIC3110.PV,RDI_HLU1
110,HLU1_LIC3111_PV,,D3108液位控制,%,100,0,LIC3111.PV,RDI_HLU1
111,HLU1_LIC3114_PV,,D3105液位控制,%,100,0,LIC3114.PV,RDI_HLU1
112,HLU1_LIC3116_PV,,D3105界位位控制,%,100,0,LIC3116.PV,RDI_HLU1
113,HLU1_LIC3117_PV,,D3106液位控制,%,100,0,LIC3117.PV,RDI_HLU1
114,HLU1_LIC3118_PV,,D3106界位控制,%,100,0,LIC3118.PV,RDI_HLU1
115,HLU1_LIC3201_PV,,脱气塔底液位控制,%,100,0,LIC3201.PV,RDI_HLU1
116,HLU1_LIC3202_PV,,D-3201液位控制,%,100,0,LIC3202.PV,RDI_HLU1
117,HLU1_LIC3203_PV,,D-3201界位控制,%,100,0,LIC3203.PV,RDI_HLU1
118,HLU1_LIC3204_PV,,分馏塔底液位控制,%,100,0,LIC3204.PV,RDI_HLU1
119,HLU1_LIC3205_PV,,柴油塔底液位控制,%,100,0,LIC3205.PV,RDI_HLU1
120,HLU1_LIC3206_PV,,航煤塔底液位控制,%,100,0,LIC3206.PV,RDI_HLU1
121,HLU1_LIC3207_PV,,D-3202液位控制,%,100,0,LIC3207.PV,RDI_HLU1
122,HLU1_LIC3208_PV,,D-3202界位控制,%,100,0,LIC3208.PV,RDI_HLU1
123,HLU1_LIC3211_PV,,D-3206液位控制,%,100,0,LIC3211.PV,RDI_HLU1
124,HLU1_LIC3212_PV,,石脑油塔底液位控制,%,100,0,LIC3212.PV,RDI_HLU1
125,HLU1_LIC3213_PV,,D-3203液位控制,%,100,0,LIC3213.PV,RDI_HLU1
126,HLU1_LIC3214_PV,,D-3203界位控制,%,100,0,LIC3214.PV,RDI_HLU1
127,HLU1_LIC3305_PV,,D3303液位调节,%,100,0,LIC3305.PV,RDI_HLU1
128,HLU1_LIC3410_PV,,D3410液位控制,%,100,0,LIC3410.PV,RDI_HLU1
129,HLU1_LIC3501_PV,,含硫污水罐液位控制,%,100,0,LIC3501.PV,RDI_HLU1
130,HLU1_LICA3241B_PV,,D-3207液位,%,99999,-99,LICA3241B.PV,RDI_HLU1
131,HLU1_PDI3102_PV,,反冲洗过滤器差压指示,MPA,1,-10,PDI3102.PV,RDI_HLU1
132,HLU1_PDI3111_PV,,R3101床层差压指示,MPA,1.6,0,PDI3111.PV,RDI_HLU1
133,HLU1_PDI3114_PV,,R3102床层差压指示,MPA,1.6,0,PDI3114.PV,RDI_HLU1
134,HLU1_PDI3115_PV,,R3102出口压力,MPA,1.6,0,PDI3115.PV,RDI_HLU1
135,HLU1_PDIA3243_PV,,,,99999,-99,PDIA3243.PV,RDI_HLU1
136,HLU1_PI1001_PV,,高压瓦斯管网压力指示,MPA,0.6,0,PI1001.PV,RDI_HLU1
137,HLU1_PI3107_PV,,F3101燃料气支管压力指示,MPA,1,0,PI3107.PV,RDI_HLU1
138,HLU1_PI3108_PV,,F3101燃料气支管压力指示,MPA,1.6,0,PI3108.PV,RDI_HLU1
139,HLU1_PI3109_PV,,F3101燃料气支管压力指示,MPA,1,0,PI3109.PV,RDI_HLU1
140,HLU1_PI3110_PV,,R3101入口压力指示,MPA,19,0,PI3110.PV,RDI_HLU1
141,HLU1_PI3112_PV,,R3101出口压力指示,MPA,19,0,PI3112.PV,RDI_HLU1
142,HLU1_PI3113_PV,,R3102入口压力指示,MPA,19,0,PI3113.PV,RDI_HLU1
143,HLU1_PI3116_PV,,R3102出口压力指示,MPA,19,0,PI3116.PV,RDI_HLU1
144,HLU1_PI3117_PV,,D3103压力指示,MPA,19,0,PI3117.PV,RDI_HLU1
145,HLU1_PI3118_PV,,D3104顶出口压力指示,MPA,5,0,PI3118.PV,RDI_HLU1
146,HLU1_PI3120_PV,,D3105顶压力指示,MPA,19,0,PI3120.PV,RDI_HLU1
147,HLU1_PI3123_PV,,K3102入口压力指示,MPA,19,0,PI3123.PV,RDI_HLU1
148,HLU1_PI3124_PV,,K3102出口压力指示,MPA,21,0,PI3124.PV,RDI_HLU1
149,HLU1_PI3159_PV,,汽轮机出口压力指示报警,MPA,1.6,0,PI3159.PV,RDI_HLU1
150,HLU1_PI3180_PV,,化工氢进装置压力指示,MPA,300,0,PI3180.PV,RDI_HLU1
151,HLU1_PI3201_PV,,脱气塔顶压力指示,MPA,1.6,0,PI3201.PV,RDI_HLU1
152,HLU1_PI3203_PV,,F3201进料一压力指示,MPA,2.5,0,PI3203.PV,RDI_HLU1
153,HLU1_PI3204_PV,,F3201进料二压力指示,MPA,2.5,0,PI3204.PV,RDI_HLU1
154,HLU1_PI3205_PV,,F3201进料三压力指示,MPA,2.5,0,PI3205.PV,RDI_HLU1
155,HLU1_PI3206_PV,,F3201进料四压力指示,MPA,2.5,0,PI3206.PV,RDI_HLU1
156,HLU1_PI3207_PV,,F3201出料一压力指示,MPA,0.6,0,PI3207.PV,RDI_HLU1
157,HLU1_PI3208_PV,,F3201出料二压力指示,MPA,0.6,0,PI3208.PV,RDI_HLU1
158,HLU1_PI3209_PV,,F3201出料三压力指示,MPA,0.6,0,PI3209.PV,RDI_HLU1
159,HLU1_PI3210_PV,,F3201出料四压力指示,MPA,0.6,0,PI3210.PV,RDI_HLU1
160,HLU1_PI3211_PV,,F3201燃料气总管压力指示,MPA,1,0,PI3211.PV,RDI_HLU1
161,HLU1_PI3212_PV,,F3201长明灯阻火器后压力指示,MPA,1,0,PI3212.PV,RDI_HLU1
162,HLU1_PI3214_PV,,C3204顶出口压力指示,MPA,0.6,0,PI3214.PV,RDI_HLU1
163,HLU1_PI3215_PV,,C3203顶出口压力指示,MPA,0.6,0,PI3215.PV,RDI_HLU1
164,HLU1_PI3216_PV,,D3202顶压力指示,MPA,0.4,0,PI3216.PV,RDI_HLU1
165,HLU1_PI3244_PV,,,,99999,-99,PI3244.PV,RDI_HLU1
166,HLU1_PI3401_PV,,低压氮气压力指示,MPA,1.6,0,PI3401.PV,RDI_HLU1
167,HLU1_PI3402_PV,,10MPa氮气压力指示,MPA,16,0,PI3402.PV,RDI_HLU1
168,HLU1_PI3403_PV,,净化风压力指示,MPA,0.6,0,PI3403.PV,RDI_HLU1
169,HLU1_PI3404_PV,,非净化风压力指示,MPA,0.6,0,PI3404.PV,RDI_HLU1
170,HLU1_PI3406_PV,,3.3MPa蒸汽入装置压力指示,MPA,4,0,PI3406.PV,RDI_HLU1
171,HLU1_PI3409_PV,,1.0MPa蒸汽管网压力指示,MPA,1.6,0,PI3409.PV,RDI_HLU1
172,HLU1_PI3412_PV,,采暖热水进装置压力指示,MPA,1,0,PI3412.PV,RDI_HLU1
173,HLU1_PI3413_PV,,除盐水入装置压力指示,MPA,100,-20,PI3413.PV,RDI_HLU1
174,HLU1_PI3414_PV,,D3409压力指示,MPA,10,-10,PI3414.PV,RDI_HLU1
175,HLU1_PI3415_PV,,循环冷水进装置压力指示,MPA,0.6,0,PI3415.PV,RDI_HLU1
176,HLU1_PI3420_PV,,循环热水出装置压力指示,MPA,0.6,0,PI3420.PV,RDI_HLU1
177,HLU1_PI3425_PV,,0.5MPA氮气界区压力,MPA,1.6,0,PI3425.PV,RDI_HLU1
178,HLU1_PI3430_PV,,D3410顶压力指示,MPA,0.4,0,PI3430.PV,RDI_HLU1
179,HLU1_PI3503_PV,,F3101烟道压力指示,KPA,10,-10,PI3503.PV,RDI_HLU1
180,HLU1_PI3504_PV,,F3101烟道压力指示,KPA,10,-10,PI3504.PV,RDI_HLU1
181,HLU1_PI3505_PV,,F3101烟道压力指示,PA,10,-100,PI3505.PV,RDI_HLU1
182,HLU1_PI3506_PV,,F3101烟道压力指示,PA,10,-100,PI3506.PV,RDI_HLU1
183,HLU1_PI3507_PV,,F3101烟道压力指示,PA,10,-100,PI3507.PV,RDI_HLU1
184,HLU1_PI3508_PV,,F3201烟道压力指示,KPA,10,-10,PI3508.PV,RDI_HLU1
185,HLU1_PI3509_PV,,预热器空气入口压力指示,KPA,25,-10,PI3509.PV,RDI_HLU1
186,HLU1_PI3510_PV,,预热器空气入口压力指示,KPA,10,-10,PI3510.PV,RDI_HLU1
187,HLU1_PI3511_PV,,预热器空气出口压力指示,KPA,0,-2.5,PI3511.PV,RDI_HLU1
188,HLU1_PI3512_PV,,预热器空气出口压力指示,KPA,10,-10,PI3512.PV,RDI_HLU1
189,HLU1_PIC3105_PV,,D3102顶压力分程调节,MPA,1.6,0,PIC3105.PV,RDI_HLU1
190,HLU1_PIC3121_PV,,D3106顶压力调节,MPA,5,0,PIC3121.PV,RDI_HLU1
191,HLU1_PIC3122_PV,,反应系统压力控制,MPA,19,0,PIC3122.PV,RDI_HLU1
192,HLU1_PIC3125_PV,,D3109入口压力控制,MPA,5,0,PIC3125.PV,RDI_HLU1
193,HLU1_PIC3141_PV,,D3108顶压力控制,MPA,0.4,0,PIC3141.PV,RDI_HLU1
194,HLU1_PIC3202_PV,,D3101顶压力调节,MPA,1,0,PIC3202.PV,RDI_HLU1
195,HLU1_PIC3213_PV,,分馏塔顶压力控制,MPA,0.6,0,PIC3213.PV,RDI_HLU1
196,HLU1_PIC3217_PV,,D3206顶压力分程调节,MPA,1,0,PIC3217.PV,RDI_HLU1
197,HLU1_PIC3218_PV,,C-3205塔顶压力,MPA,1,0,PIC3218.PV,RDI_HLU1
198,HLU1_PIC3219_PV,,气态烃至管F3201压力调节,MPA,1,0,PIC3219.PV,RDI_HLU1
199,HLU1_PIC3303_PV,,D3303蒸汽出口压力调节,MPA,1,0,PIC3303.PV,RDI_HLU1
200,HLU1_PIC3405_PV,,高压燃料气压力,MPA,0.6,0,PIC3405.PV,RDI_HLU1
201,HLU1_PIC3407_PV,,0.35MPa蒸汽去F3201压力调节(与FIC3410串级的主回路),MPA,0.6,0,PIC3407.PV,RDI_HLU1
202,HLU1_PIC3408_PV,,D3407出口1.0MPa蒸汽压力调节,MPA,1.6,0,PIC3408.PV,RDI_HLU1
203,HLU1_PIC3501_PV,,F3101炉膛负压控制,PA,100,-100,PIC3501.PV,RDI_HLU1
204,HLU1_PIC3502_PV,,F3201炉膛负压调节,PA,0,-400,PIC3502.PV,RDI_HLU1
205,HLU1_PIC3762A_PV,,K3101A二段入口压控,MPA,9999,-9999,PIC3762A.PV,RDI_HLU1
206,HLU1_PIC3762B_PV,,K3101B二段出口压力调节,MPA,10,0,PIC3762B.PV,RDI_HLU1
207,HLU1_PIC3762C_PV,,K3101C二段出口压力调节,MPA,10,0,PIC3762C.PV,RDI_HLU1
208,HLU1_PIC3762D_PV,,K3102D二段入口压控,MPA,6,-10,PIC3762D.PV,RDI_HLU1
209,HLU1_PIC3763A_PV,,K3101A三段入口压力调节,MPA,9999,-9999,PIC3763A.PV,RDI_HLU1
210,HLU1_PIC3763B_PV,,K3101B三段出口压力调节,MPA,15,0,PIC3763B.PV,RDI_HLU1
211,HLU1_PIC3763C_PV,,K3101C三段出口压力调节,MPA,15,0,PIC3763C.PV,RDI_HLU1
212,HLU1_PIC3763D_PV,,K3101D三段入口压力调节,MPA,13,0,PIC3763D.PV,RDI_HLU1
213,HLU1_PS3761A_PV,,,,99999,-99,PS3761A.PV,RDI_HLU1
214,HLU1_PS3761B_PV,,,,99999,-99,PS3761B.PV,RDI_HLU1
215,HLU1_PS3761C_PV,,,,99999,-99,PS3761C.PV,RDI_HLU1
216,HLU1_PS3761D_PV,,,,99999,-99,PS3761D.PV,RDI_HLU1
217,HLU1_PS3762A_PV,,,,99999,-99,PS3762A.PV,RDI_HLU1
218,HLU1_PS3762B_PV,,,,99999,-99,PS3762B.PV,RDI_HLU1
219,HLU1_PS3762C_PV,,,,99999,-99,PS3762C.PV,RDI_HLU1
220,HLU1_PS3762D_PV,,,,99999,-99,PS3762D.PV,RDI_HLU1
221,HLU1_PS3763A_PV,,,,99999,-99,PS3763A.PV,RDI_HLU1
222,HLU1_PS3763B_PV,,,,99999,-99,PS3763B.PV,RDI_HLU1
223,HLU1_PS3763C_PV,,,,99999,-99,PS3763C.PV,RDI_HLU1
224,HLU1_PS3763D_PV,,,,99999,-99,PS3763D.PV,RDI_HLU1
225,HLU1_TH3119_PV,,（TI3119A、B、C、D）高选,DEGC,600,0,TH3119.PV,RDI_HLU1
226,HLU1_TH3120_PV,,（TI3120A、B、C、D高选）,DEGC,600,0,TH3120.PV,RDI_HLU1
227,HLU1_TH3121_PV,,R3101中部温度,DEGC,600,0,TH3121.PV,RDI_HLU1
228,HLU1_TH3121W_PV,,（TI3121AW、BW、CW、DW高选）,DEGC,600,0,TH3121W.PV,RDI_HLU1
229,HLU1_TH3122_PV,,THS3122与TI3122D高选,DEGC,600,0,TH3122.PV,RDI_HLU1
230,HLU1_TH3123_PV,,THS3123与TI3123D高选,DEGC,600,0,TH3123.PV,RDI_HLU1
231,HLU1_TH3125_PV,,THS3125A/TI3125D高选器,DEGC,600,0,TH3125.PV,RDI_HLU1
232,HLU1_TH3125W_PV,,（TI3125AW、BW、CW、DW高选）,DEGC,600,0,TH3125W.PV,RDI_HLU1
233,HLU1_TH3126_PV,,（TI3126A、B、C、D高选）,DEGC,600,0,TH3126.PV,RDI_HLU1
234,HLU1_TH3127_PV,,THS3127A/TI3127D高选器,DEGC,600,0,TH3127.PV,RDI_HLU1
235,HLU1_TH3127W_PV,,（TI3127AW、BW、CW、DW高选）,DEGC,600,0,TH3127W.PV,RDI_HLU1
236,HLU1_TH3128_PV,,（TI3128A、B、C、D高选）,DEGC,600,0,TH3128.PV,RDI_HLU1
237,HLU1_TH3129_PV,,,DEGC,600,0,TH3129.PV,RDI_HLU1
238,HLU1_TH3129W_PV,,（TI3129AW、BW、CW、DW高选）,DEGC,600,0,TH3129W.PV,RDI_HLU1
239,HLU1_TH3130_PV,,（TI3130A、B、C、D高选）,DEGC,600,0,TH3130.PV,RDI_HLU1
240,HLU1_TH3131_PV,,THS3131与TI3131D高选,DEGC,600,0,TH3131.PV,RDI_HLU1
241,HLU1_TH3131W_PV,,THS3131W与TI3131DW高选,DEGC,600,0,TH3131W.PV,RDI_HLU1
242,HLU1_TH3132_PV,,（TI3132A、B、C、D高选）,DEGC,600,0,TH3132.PV,RDI_HLU1
243,HLU1_THC3143A_PV,,,,99999,-99,TV3143AA.MV,RDI_HLU1
244,HLU1_THC3143B_PV,,,,99999,-99,TV3143AB.MV,RDI_HLU1
245,HLU1_THC3143C_PV,,,,99999,-99,TV3143AC.MV,RDI_HLU1
246,HLU1_THC3143D_PV,,,,99999,-99,TV3143AD.MV,RDI_HLU1
247,HLU1_THC3143E_PV,,,,99999,-99,TV3143AE.MV,RDI_HLU1
248,HLU1_THC3143F_PV,,,,99999,-99,TV3143AF.MV,RDI_HLU1
249,HLU1_THC3143G_PV,,,,99999,-99,TV3143AG.MV,RDI_HLU1
250,HLU1_THC3143H_PV,,,,99999,-99,TV3143AH.MV,RDI_HLU1
251,HLU1_TI3101_PV,,D3101入口温度指示,DEGC,200,0,TI3101.PV,RDI_HLU1
252,HLU1_TI3102_PV,,D3101出口温度指示,DEGC,200,0,TI3102.PV,RDI_HLU1
253,HLU1_TI3103_PV,,E3100出口温度指示,DEGC,200,0,TI3103.PV,RDI_HLU1
254,HLU1_TI3104_PV,,E3112出口温度指示,DEGC,200,0,TI3104.PV,RDI_HLU1
255,HLU1_TI3105_PV,,E3100出口温度指示,DEGC,200,0,TI3105.PV,RDI_HLU1
256,HLU1_TI3106_PV,,E3100出口温度指示,DEGC,200,0,TI3106.PV,RDI_HLU1
257,HLU1_TI3107_PV,,E3212壳程入口温度,DEGC,400,0,TI3107.PV,RDI_HLU1
258,HLU1_TI3108_PV,,E3112出口温度指示,DEGC,200,0,TI3108.PV,RDI_HLU1
259,HLU1_TI3110W_PV,,E3101出口温度指示,DEGC,500,0,TI3110W.PV,RDI_HLU1
260,HLU1_TI3111_PV,,E3101出口温度指示,DEGC,600,0,TI3111.PV,RDI_HLU1
261,HLU1_TI3112_PV,,E3101入口温度指示,DEGC,600,0,TI3112.PV,RDI_HLU1
262,HLU1_TI3113_PV,,E3101入口温度指示,DEGC,300,0,TI3113.PV,RDI_HLU1
263,HLU1_TI3114_PV,,F-3101入口温度指示,DEGC,600,0,TI3114.PV,RDI_HLU1
264,HLU1_TI3115W_PV,,F3101出口温度指示,DEGC,600,0,TI3115W.PV,RDI_HLU1
265,HLU1_TI3116W_PV,,F3101出口温度指示,DEGC,600,0,TI3116W.PV,RDI_HLU1
266,HLU1_TI3117_PV,,F3101出口温度指示,DEGC,600,0,TI3117.PV,RDI_HLU1
267,HLU1_TI3118_PV,,R3101入口温度指示,DEGC,600,0,TI3118.PV,RDI_HLU1
268,HLU1_TI3119A_PV,,R3101温度指示,DEGC,600,0,TI3119A.PV,RDI_HLU1
269,HLU1_TI3119B_PV,,R3101温度指示,DEGC,600,0,TI3119B.PV,RDI_HLU1
270,HLU1_TI3119C_PV,,R3101温度指示,DEGC,600,0,TI3119C.PV,RDI_HLU1
271,HLU1_TI3119D_PV,,R3101温度指示,DEGC,600,0,TI3119D.PV,RDI_HLU1
272,HLU1_TI3120A_PV,,R3101二床层入口温度,DEGC,600,0,TI3120A.PV,RDI_HLU1
273,HLU1_TI3120B_PV,,R3101二床层入口温度,DEGC,600,0,TI3120B.PV,RDI_HLU1
274,HLU1_TI3120C_PV,,R3101二床层入口温度,DEGC,600,0,TI3120C.PV,RDI_HLU1
275,HLU1_TI3120D_PV,,R3101二床层入口温度,DEGC,600,0,TI3120D.PV,RDI_HLU1
276,HLU1_TI3121A_PV,,R3101二床层入口温度,DEGC,600,0,TI3121A.PV,RDI_HLU1
277,HLU1_TI3121AW_PV,,R3101温度指示,DEGC,600,0,TI3121AW.PV,RDI_HLU1
278,HLU1_TI3121B_PV,,R3101二床层入口温度,DEGC,600,0,TI3121B.PV,RDI_HLU1
279,HLU1_TI3121BW_PV,,R3101温度指示,DEGC,600,0,TI3121BW.PV,RDI_HLU1
280,HLU1_TI3121C_PV,,R3101二床层入口温度,DEGC,600,0,TI3121C.PV,RDI_HLU1
281,HLU1_TI3121CW_PV,,R3101温度指示,DEGC,600,0,TI3121CW.PV,RDI_HLU1
282,HLU1_TI3121D_PV,,R3101二床层入口温度,DEGC,600,0,TI3121D.PV,RDI_HLU1
283,HLU1_TI3121DW_PV,,R3101温度指示,DEGC,600,0,TI3121DW.PV,RDI_HLU1
284,HLU1_TI3122_PV,,（TI3122A、B、C、D高选）,DEGC,600,0,TI3122.PV,RDI_HLU1
285,HLU1_TI3122A_PV,,R3101温度指示,DEGC,600,0,TI3122A.PV,RDI_HLU1
286,HLU1_TI3122B_PV,,R3101温度指示,DEGC,600,0,TI3122B.PV,RDI_HLU1
287,HLU1_TI3122C_PV,,R3101温度指示,DEGC,600,0,TI3122C.PV,RDI_HLU1
288,HLU1_TI3122D_PV,,R3101温度指示,DEGC,600,0,TI3122D.PV,RDI_HLU1
289,HLU1_TI3123A_PV,,R3101温度指示,DEGC,600,0,TI3123A.PV,RDI_HLU1
290,HLU1_TI3123B_PV,,R3101温度指示,DEGC,600,0,TI3123B.PV,RDI_HLU1
291,HLU1_TI3123C_PV,,R3101温度指示,DEGC,600,0,TI3123C.PV,RDI_HLU1
292,HLU1_TI3123D_PV,,R3101温度指示,DEGC,600,0,TI3123D.PV,RDI_HLU1
293,HLU1_TI3124_PV,,R3101出口温度指示,DEGC,600,0,TI3124.PV,RDI_HLU1
294,HLU1_TI3125A_PV,,R3102一床层入口温度,DEGC,600,0,TI3125A.PV,RDI_HLU1
295,HLU1_TI3125AW_PV,,R3102温度指示,DEGC,600,0,TI3125AW.PV,RDI_HLU1
296,HLU1_TI3125B_PV,,R3102一床层入口温度,DEGC,600,0,TI3125B.PV,RDI_HLU1
297,HLU1_TI3125BW_PV,,R3102温度指示,DEGC,600,0,TI3125BW.PV,RDI_HLU1
298,HLU1_TI3125C_PV,,R3102一床层入口温度,DEGC,600,0,TI3125C.PV,RDI_HLU1
299,HLU1_TI3125CW_PV,,R3102温度指示,DEGC,600,0,TI3125CW.PV,RDI_HLU1
300,HLU1_TI3125D_PV,,R3102一床层入口温度,DEGC,600,0,TI3125D.PV,RDI_HLU1
301,HLU1_TI3125DW_PV,,R3102温度指示,DEGC,600,0,TI3125DW.PV,RDI_HLU1
302,HLU1_TI3126A_PV,,R3102温度指示,DEGC,600,0,TI3126A.PV,RDI_HLU1
303,HLU1_TI3126B_PV,,R3102温度指示,DEGC,600,0,TI3126B.PV,RDI_HLU1
304,HLU1_TI3126C_PV,,R3102温度指示,DEGC,600,0,TI3126C.PV,RDI_HLU1
305,HLU1_TI3126D_PV,,R3102温度指示,DEGC,600,0,TI3126D.PV,RDI_HLU1
306,HLU1_TI3127A_PV,,R3102二床层入口温度,DEGC,600,0,TI3127A.PV,RDI_HLU1
307,HLU1_TI3127AW_PV,,R3102温度指示,DEGC,600,0,TI3127AW.PV,RDI_HLU1
308,HLU1_TI3127B_PV,,R3102二床层入口温度,DEGC,600,0,TI3127B.PV,RDI_HLU1
309,HLU1_TI3127BW_PV,,R3102温度指示,DEGC,600,0,TI3127BW.PV,RDI_HLU1
310,HLU1_TI3127C_PV,,R3102二床层入口温度,DEGC,600,0,TI3127C.PV,RDI_HLU1
311,HLU1_TI3127CW_PV,,R3102温度指示,DEGC,600,0,TI3127CW.PV,RDI_HLU1
312,HLU1_TI3127D_PV,,R3102二床层入口温度,DEGC,600,0,TI3127D.PV,RDI_HLU1
313,HLU1_TI3127DW_PV,,R3102温度指示,DEGC,600,0,TI3127DW.PV,RDI_HLU1
314,HLU1_TI3128A_PV,,R3102温度指示,DEGC,600,0,TI3128A.PV,RDI_HLU1
315,HLU1_TI3128B_PV,,R3102温度指示,DEGC,600,0,TI3128B.PV,RDI_HLU1
316,HLU1_TI3128C_PV,,R3102温度指示,DEGC,600,0,TI3128C.PV,RDI_HLU1
317,HLU1_TI3128D_PV,,R3102温度指示,DEGC,600,0,TI3128D.PV,RDI_HLU1
318,HLU1_TI3129A_PV,,R3102三床层入口温度,DEGC,600,0,TI3129A.PV,RDI_HLU1
319,HLU1_TI3129AW_PV,,R3102温度指示,DEGC,600,0,TI3129AW.PV,RDI_HLU1
320,HLU1_TI3129B_PV,,R3102三床层入口温度,DEGC,600,0,TI3129B.PV,RDI_HLU1
321,HLU1_TI3129BW_PV,,R3102温度指示,DEGC,600,0,TI3129BW.PV,RDI_HLU1
322,HLU1_TI3129C_PV,,R3102三床层入口温度,DEGC,600,0,TI3129C.PV,RDI_HLU1
323,HLU1_TI3129CW_PV,,R3102温度指示,DEGC,600,0,TI3129CW.PV,RDI_HLU1
324,HLU1_TI3129D_PV,,R3102三床层入口温度,DEGC,600,0,TI3129D.PV,RDI_HLU1
325,HLU1_TI3129DW_PV,,R3102温度指示,DEGC,600,0,TI3129DW.PV,RDI_HLU1
326,HLU1_TI3130A_PV,,R3102温度指示,DEGC,600,0,TI3130A.PV,RDI_HLU1
327,HLU1_TI3130B_PV,,R3102温度指示,DEGC,600,0,TI3130B.PV,RDI_HLU1
328,HLU1_TI3130C_PV,,R3102温度指示,DEGC,600,0,TI3130C.PV,RDI_HLU1
329,HLU1_TI3130D_PV,,R3102温度指示,DEGC,600,0,TI3130D.PV,RDI_HLU1
330,HLU1_TI3131A_PV,,R3102四床层入口温度,DEGC,600,0,TI3131A.PV,RDI_HLU1
331,HLU1_TI3131AW_PV,,R3102温度指示,DEGC,600,0,TI3131AW.PV,RDI_HLU1
332,HLU1_TI3131B_PV,,R3102四床层入口温度,DEGC,600,0,TI3131B.PV,RDI_HLU1
333,HLU1_TI3131BW_PV,,R3102温度指示,DEGC,600,0,TI3131BW.PV,RDI_HLU1
334,HLU1_TI3131C_PV,,R3102四床层入口温度,DEGC,600,0,TI3131C.PV,RDI_HLU1
335,HLU1_TI3131CW_PV,,R3102温度指示,DEGC,600,0,TI3131CW.PV,RDI_HLU1
336,HLU1_TI3131D_PV,,R3102四床层入口温度,DEGC,600,0,TI3131D.PV,RDI_HLU1
337,HLU1_TI3131DW_PV,,R3102温度指示,DEGC,600,0,TI3131DW.PV,RDI_HLU1
338,HLU1_TI3132A_PV,,R3102温度指示,DEGC,600,0,TI3132A.PV,RDI_HLU1
339,HLU1_TI3132B_PV,,R3102温度指示,DEGC,600,0,TI3132B.PV,RDI_HLU1
340,HLU1_TI3132C_PV,,R3102温度指示,DEGC,600,0,TI3132C.PV,RDI_HLU1
341,HLU1_TI3132D_PV,,R3102温度指示,DEGC,600,0,TI3132D.PV,RDI_HLU1
342,HLU1_TI3133_PV,,R3102出口温度指示,DEGC,600,0,TI3133.PV,RDI_HLU1
343,HLU1_TI3133W_PV,,R3102出口温度指示,DEGC,600,0,TI3133W.PV,RDI_HLU1
344,HLU1_TI3135_PV,,E3103出口温度指示,DEGC,300,0,TI3135.PV,RDI_HLU1
345,HLU1_TI3136_PV,,D3103出口温度指示,DEGC,400,0,TI3136.PV,RDI_HLU1
346,HLU1_TI3137_PV,,E3103入口温度指示,DEGC,200,0,TI3137.PV,RDI_HLU1
347,HLU1_TI3138_PV,,E3103出口温度指示,DEGC,300,0,TI3138.PV,RDI_HLU1
348,HLU1_TI3139_PV,,D3104出口温度指示,DEGC,300,0,TI3139.PV,RDI_HLU1
349,HLU1_TI3141_PV,,D3104底出口温度指示,DEGC,400,0,TI3141.PV,RDI_HLU1
350,HLU1_TI3142_PV,,A3101入口温度指示,DEGC,300,0,TI3142.PV,RDI_HLU1
351,HLU1_TI3143_PV,,,,99999,-99,TI3143.PV,RDI_HLU1
352,HLU1_TI3143W_PV,,A3101出口温度指示,DEGC,300,0,TI3143W.PV,RDI_HLU1
353,HLU1_TI3144_PV,,E3401出口温度指示,DEGC,300,-20,TI3144.PV,RDI_HLU1
354,HLU1_TI3145_PV,,E3401入口温度指示,DEGC,400,0,TI3145.PV,RDI_HLU1
355,HLU1_TI3146_PV,,D3105出口温度指示,DEGC,300,0,TI3146.PV,RDI_HLU1
356,HLU1_TI3147_PV,,D3106出口温度指示,DEGC,300,0,TI3147.PV,RDI_HLU1
357,HLU1_TI3148_PV,,D3107出口温度指示,DEGC,300,0,TI3148.PV,RDI_HLU1
358,HLU1_TI3149_PV,,K3102入口温度指示,DEGC,300,0,TI3149.PV,RDI_HLU1
359,HLU1_TI3150_PV,,K3102出口温度指示,DEGC,200,0,TI3150.PV,RDI_HLU1
360,HLU1_TI3152_PV,,D3110出口温度指示,DEGC,100,-100,TI3152.PV,RDI_HLU1
361,HLU1_TI3171A_PV,,,,99999,-99,TI3171A.PV,RDI_HLU1
362,HLU1_TI3171B_PV,,,,99999,-99,TI3171B.PV,RDI_HLU1
363,HLU1_TI3171C_PV,,,,99999,-99,TI3171C.PV,RDI_HLU1
364,HLU1_TI3171D_PV,,,,99999,-99,TI3171D.PV,RDI_HLU1
365,HLU1_TI3171E_PV,,,,99999,-99,TI3171E.PV,RDI_HLU1
366,HLU1_TI3171F_PV,,,,99999,-99,TI3171F.PV,RDI_HLU1
367,HLU1_TI3171G_PV,,,,99999,-99,TI3171G.PV,RDI_HLU1
368,HLU1_TI3171H_PV,,,,99999,-99,TI3171H.PV,RDI_HLU1
369,HLU1_TI3172A_PV,,,,99999,-99,TI3172A.PV,RDI_HLU1
370,HLU1_TI3172B_PV,,,,99999,-99,TI3172B.PV,RDI_HLU1
371,HLU1_TI3172C_PV,,,,99999,-99,TI3172C.PV,RDI_HLU1
372,HLU1_TI3172D_PV,,,,99999,-99,TI3172D.PV,RDI_HLU1
373,HLU1_TI3172E_PV,,,,99999,-99,TI3172E.PV,RDI_HLU1
374,HLU1_TI3172F_PV,,,,99999,-99,TI3172F.PV,RDI_HLU1
375,HLU1_TI3172G_PV,,,,99999,-99,TI3172G.PV,RDI_HLU1
376,HLU1_TI3172H_PV,,,,99999,-99,TI3172H.PV,RDI_HLU1
377,HLU1_TI3181_PV,,,,99999,-99,TIA3181.PV,RDI_HLU1
378,HLU1_TI3183_PV,,,,99999,-99,TIA3183.PV,RDI_HLU1
379,HLU1_TI3201_PV,,C3201进料温度指示,DEGC,400,0,TI3201.PV,RDI_HLU1
380,HLU1_TI3203_PV,,C3201塔顶温度指示,DEGC,200,0,TI3203.PV,RDI_HLU1
381,HLU1_TI3204_PV,,A3201出口总管温度,DEGC,100,0,TI3204.PV,RDI_HLU1
382,HLU1_TI3205_PV,,C3201底汽提蒸汽温度指示,DEGC,500,0,TI3205.PV,RDI_HLU1
383,HLU1_TI3206_PV,,C3201底温度指示,DEGC,300,0,TI3206.PV,RDI_HLU1
384,HLU1_TI3207_PV,,E3201壳程出口温度指示,DEGC,100,0,TI3207.PV,RDI_HLU1
385,HLU1_TI3208A_PV,,E3202壳程入口温度指示,DEGC,300,0,TI3208A.PV,RDI_HLU1
386,HLU1_TI3208B_PV,,E3202壳程出口温度指示,DEGC,300,0,TI3208B.PV,RDI_HLU1
387,HLU1_TI3210_PV,,E3211管程入口温度指示,DEGC,400,0,TI3210.PV,RDI_HLU1
388,HLU1_TI3213_PV,,E3208壳程出口温度指示,DEGC,300,0,TI3213.PV,RDI_HLU1
389,HLU1_TI3214_PV,,E3208管程出口温度指示,DEGC,400,0,TI3214.PV,RDI_HLU1
390,HLU1_TI3215_PV,,E3208管程出口温度指示,DEGC,300,0,TI3215.PV,RDI_HLU1
391,HLU1_TI3216_PV,,F3201进料一温度指示,DEGC,400,0,TI3216.PV,RDI_HLU1
392,HLU1_TI3217_PV,,F3201进料二温度指示,DEGC,400,0,TI3217.PV,RDI_HLU1
393,HLU1_TI3218_PV,,F3201进料三温度指示,DEGC,400,0,TI3218.PV,RDI_HLU1
394,HLU1_TI3219_PV,,F3201进料四温度指示,DEGC,400,0,TI3219.PV,RDI_HLU1
395,HLU1_TI3220_PV,,F3201出料一温度指示,DEGC,500,0,TI3220.PV,RDI_HLU1
396,HLU1_TI3221_PV,,F3201出料二温度指示,DEGC,500,0,TI3221.PV,RDI_HLU1
397,HLU1_TI3222_PV,,F3201出料三温度指示,DEGC,500,0,TI3222.PV,RDI_HLU1
398,HLU1_TI3223_PV,,F3201出料四温度指示,DEGC,500,0,TI3223.PV,RDI_HLU1
399,HLU1_TI3225_PV,,F3201出料总管温度指示,DEGC,500,0,TI3225.PV,RDI_HLU1
400,HLU1_TI3226_PV,,C3202进料温度指示,DEGC,500,0,TI3226.PV,RDI_HLU1
401,HLU1_TI3228_PV,,C3202顶温度指示,DEGC,300,0,TI3228.PV,RDI_HLU1
402,HLU1_TI3229_PV,,C3202顶回流温度指示,DEGC,100,0,TI3229.PV,RDI_HLU1
403,HLU1_TI3230_PV,,C3202第25层抽出线温度指示,DEGC,400,0,TI3230.PV,RDI_HLU1
404,HLU1_TI3231_PV,,C3202第26层返回线温度指示,DEGC,400,0,TI3231.PV,RDI_HLU1
405,HLU1_TI3232_PV,,C3202第37层抽出线温度指示,DEGC,400,0,TI3232.PV,RDI_HLU1
406,HLU1_TI3233_PV,,C3202第39层返回线温度指示,DEGC,300,0,TI3233.PV,RDI_HLU1
407,HLU1_TI3234_PV,,C3202第40层抽出线温度指示,DEGC,300,0,TI3234.PV,RDI_HLU1
408,HLU1_TI3235_PV,,C3202第23层返回线温度指示,DEGC,400,0,TI3235.PV,RDI_HLU1
409,HLU1_TI3236_PV,,C3202底蒸汽温度指示,DEGC,500,0,TI3236.PV,RDI_HLU1
410,HLU1_TI3237_PV,,C3202底尾油温度指示,DEGC,500,0,TI3237.PV,RDI_HLU1
411,HLU1_TI3239_PV,,E3213壳程出口温度指示,DEGC,300,0,TI3239.PV,RDI_HLU1
412,HLU1_TI3242_PV,,C3204底出口温度指示,DEGC,400,0,TI3242.PV,RDI_HLU1
413,HLU1_TI3243_PV,,C3203底出口温度指示,DEGC,400,0,TI3243.PV,RDI_HLU1
414,HLU1_TI3244_PV,,E3204壳程入口温度指示,DEGC,400,0,TI3244.PV,RDI_HLU1
415,HLU1_TI3246_PV,,E3205壳程出口温度指示,DEGC,400,0,TI3246.PV,RDI_HLU1
416,HLU1_TI3249_PV,,A3204出口总管温度指示,DEGC,100,0,TI3249.PV,RDI_HLU1
417,HLU1_TI3250_PV,,航煤出装置温度指示,DEGC,100,0,TI3250.PV,RDI_HLU1
418,HLU1_TI3251_PV,,柴油出装置温度指示,DEGC,100,0,TI3251.PV,RDI_HLU1
419,HLU1_TI3252_PV,,尾油出装置温度指示,DEGC,100,0,TI3252.PV,RDI_HLU1
420,HLU1_TI3253_PV,,尾油出装置温度,DEGC,100,0,TI3253.PV,RDI_HLU1
421,HLU1_TI3254_PV,,尾油产品出装置温度指示,DEGC,100,0,TI3254.PV,RDI_HLU1
422,HLU1_TI3256_PV,,C3205进料温度指示,DEGC,300,0,TI3256.PV,RDI_HLU1
423,HLU1_TI3258_PV,,C3205顶出口温度指示,DEGC,300,0,TI3258.PV,RDI_HLU1
424,HLU1_TI3259_PV,,C3205第24层温度指示,DEGC,300,0,TI3259.PV,RDI_HLU1
425,HLU1_TI3260_PV,,C3205第22层温度指示,DEGC,300,0,TI3260.PV,RDI_HLU1
426,HLU1_TI3261_PV,,C3205第20层温度指示,DEGC,300,0,TI3261.PV,RDI_HLU1
427,HLU1_TI3262_PV,,C3205底温度指示,DEGC,300,0,TI3262.PV,RDI_HLU1
428,HLU1_TI3264_PV,,E3207出口温度指示,DEGC,300,0,TI3264.PV,RDI_HLU1
429,HLU1_TI3265_PV,,C3205底出口温度指示,DEGC,300,0,TI3265.PV,RDI_HLU1
430,HLU1_TI3266_PV,,E3206管程出口温度指示,DEGC,200,0,TI3266.PV,RDI_HLU1
431,HLU1_TI3267_PV,,E3206管程入口温度指示,DEGC,300,0,TI3267.PV,RDI_HLU1
432,HLU1_TI3268_PV,,E3207管程入口温度指示,DEGC,400,0,TI3268.PV,RDI_HLU1
433,HLU1_TI3269_PV,,E3207管程出口温度指示,DEGC,400,0,TI3269.PV,RDI_HLU1
434,HLU1_TI3271_PV,,D3203底出口温度指示,DEGC,100,0,TI3271.PV,RDI_HLU1
435,HLU1_TI3272_PV,,轻石脑油出装置温度指示,DEGC,100,0,TI3272.PV,RDI_HLU1
436,HLU1_TI3274_PV,,重石脑油出装置温度指示,DEGC,100,0,TI3274.PV,RDI_HLU1
437,HLU1_TI3281_PV,,,,99999,-99,TI3281.PV,RDI_HLU1
438,HLU1_TI3282_PV,,E3202A/B出口温度,DEGC,400,0,TI3282.PV,RDI_HLU1
439,HLU1_TI3283_PV,,,,99999,-99,TI3283.PV,RDI_HLU1
440,HLU1_TI3284_PV,,,,99999,-99,TI3284.PV,RDI_HLU1
441,HLU1_TI3303_PV,,D3303出口温度指示(参与FIQ3304温压补偿),DEGC,200,0,TI3303.PV,RDI_HLU1
442,HLU1_TI3401_PV,,高压瓦斯温度指示,DEGC,100,0,TI3401.PV,RDI_HLU1
443,HLU1_TI3402_PV,,3.5MPa蒸汽入装置温度指示,DEGC,600,0,TI3402.PV,RDI_HLU1
444,HLU1_TI3403_PV,,D3407出口1.0MPa蒸汽温度指示,DEGC,600,0,TI3403.PV,RDI_HLU1
445,HLU1_TI3404_PV,,D3404入口蒸汽温度指示,DEGC,500,0,TI3404.PV,RDI_HLU1
446,HLU1_TI3407_PV,,采暖热水进装置温度指示,DEGC,200,0,TI3407.PV,RDI_HLU1
447,HLU1_TI3408_PV,,除盐水温度指示,DEGC,100,0,TI3408.PV,RDI_HLU1
448,HLU1_TI3409_PV,,低压瓦斯出装置温度指示,DEGC,100,0,TI3409.PV,RDI_HLU1
449,HLU1_TI3410_PV,,循环冷水进装置温度指示,DEGC,100,0,TI3410.PV,RDI_HLU1
450,HLU1_TI3411_PV,,循环热水进装置温度指示,DEGC,100,0,TI3411.PV,RDI_HLU1
451,HLU1_TI3415_PV,,D3410温度指示,DEGC,200,0,TI3415.PV,RDI_HLU1
452,HLU1_TI3501_PV,,F3101温度指示,DEGC,600,0,TI3501.PV,RDI_HLU1
453,HLU1_TI3502_PV,,F-3101西炉膛北侧温度指示,DEGC,900,0,TI3502.PV,RDI_HLU1
454,HLU1_TI3503_PV,,F-3101西炉膛南侧温度指示,DEGC,900,0,TI3503.PV,RDI_HLU1
455,HLU1_TI3504_PV,,F3101温度指示,DEGC,600,0,TI3504.PV,RDI_HLU1
456,HLU1_TI3505_PV,,F-3101东炉膛北侧温度指示,DEGC,900,0,TI3505.PV,RDI_HLU1
457,HLU1_TI3506_PV,,F-3101东炉膛南侧温度指示,DEGC,900,0,TI3506.PV,RDI_HLU1
458,HLU1_TI3507_PV,,F3201温度指示,DEGC,600,0,TI3507.PV,RDI_HLU1
459,HLU1_TI3508_PV,,F3201温度指示,DEGC,900,0,TI3508.PV,RDI_HLU1
460,HLU1_TI3509_PV,,F3201温度指示,DEGC,900,0,TI3509.PV,RDI_HLU1
461,HLU1_TI3510_PV,,预热器空气出口温度指示,DEGC,400,0,TI3510.PV,RDI_HLU1
462,HLU1_TI3511_PV,,预热器空气入口温度指示,DEGC,100,0,TI3511.PV,RDI_HLU1
463,HLU1_TI3512_PV,,预热器烟气入口温度指示,DEGC,500,0,TI3512.PV,RDI_HLU1
464,HLU1_TI3513_PV,,预热器烟气出口温度指示,DEGC,300,0,TI3513.PV,RDI_HLU1
465,HLU1_TIC3110_PV,,D-3103入口温度,DEGC,500,0,TIC3110.PV,RDI_HLU1
466,HLU1_TIC3115_PV,,F3101出口西侧温度调节,DEGC,600,0,TIC3115.PV,RDI_HLU1
467,HLU1_TIC3116_PV,,F3101出口东侧温度调节,DEGC,600,0,TIC3116.PV,RDI_HLU1
468,HLU1_TIC3121_PV,,R3101第二床层入口温度控制,DEGC,600,0,TIC3121.PV,RDI_HLU1
469,HLU1_TIC3125_PV,,R3102入口温度控制,DEGC,600,0,TIC3125.PV,RDI_HLU1
470,HLU1_TIC3127_PV,,R3102第二床层入口温度控制,DEGC,600,0,TIC3127.PV,RDI_HLU1
471,HLU1_TIC3129_PV,,R3102第三床层入口温度控制,DEGC,600,0,TIC3129.PV,RDI_HLU1
472,HLU1_TIC3131_PV,,R3102第四床层入口温度控制,DEGC,600,0,TIC3131.PV,RDI_HLU1
473,HLU1_TIC3140_PV,,,,99999,-99,TIC3140.PV,RDI_HLU1
474,HLU1_TIC3143_PV,,A3101出口温度控制,DEGC,300,0,TIC3143.PV,RDI_HLU1
475,HLU1_TIC3182_PV,,,,99999,-99,TICA3182.PV,RDI_HLU1
476,HLU1_TIC3202_PV,,脱气塔顶温度控制,DEGC,200,0,TIC3202.PV,RDI_HLU1
477,HLU1_TIC3224_PV,,分馏炉出口温度控制,DEGC,500,0,TIC3224.PV,RDI_HLU1
478,HLU1_TIC3227_PV,,C3202顶温度调节,DEGC,300,0,TIC3227.PV,RDI_HLU1
479,HLU1_TIC3238_PV,,E3213壳程出口温度调节,DEGC,300,0,TIC3238.PV,RDI_HLU1
480,HLU1_TIC3248_PV,,,,200,-50,TIC3248.PV,RDI_HLU1
481,HLU1_TIC3255_PV,,C3205进料温度调节,DEGC,300,0,TIC3255.PV,RDI_HLU1
482,HLU1_TIC3257_PV,,石脑油塔顶温度控制,DEGC,300,0,TIC3257.PV,RDI_HLU1
483,HLU1_TIC3263_PV,,E3207出口温度调节（与FIC3225串级的主回路）,DEGC,300,0,TIC3263.PV,RDI_HLU1
484,HLU1_TIC3273_PV,,A3207出口温度指示,DEGC,100,-10,TIC3273.PV,RDI_HLU1
485,HLU1_TICA3248_PV,,,,200,-50,TICA3248.PV,RDI_HLU1
486,HLU1_TICA3270_PV,,A3203出口温度指示,DEGC,400,0,TICA3270.PV,RDI_HLU1
487,HLU1_TJ3147_PV,,,,99999,-99,TJ3147.PV,RDI_HLU1
488,HLU1_TXI3153_PV,,R3101表面温度指示,DEGC,600,0,TXI3153.PV,RDI_HLU1
489,HLU1_TXI3154A_PV,,R3101表面温度指示,DEGC,600,0,TXI3154A.PV,RDI_HLU1
490,HLU1_TXI3154B_PV,,R3101表面温度指示,DEGC,600,0,TXI3154B.PV,RDI_HLU1
491,HLU1_TXI3154C_PV,,R3101表面温度指示,DEGC,600,0,TXI3154C.PV,RDI_HLU1
492,HLU1_TXI3154D_PV,,R3101表面温度指示,DEGC,600,0,TXI3154D.PV,RDI_HLU1
493,HLU1_TXI3155A_PV,,R3101表面温度指示,DEGC,600,-100,TXI3155A.PV,RDI_HLU1
494,HLU1_TXI3155B_PV,,R3101表面温度指示,DEGC,600,0,TXI3155B.PV,RDI_HLU1
495,HLU1_TXI3156A_PV,,R3101表面温度指示,DEGC,600,0,TXI3156A.PV,RDI_HLU1
496,HLU1_TXI3156B_PV,,R3101表面温度指示,DEGC,600,0,TXI3156B.PV,RDI_HLU1
497,HLU1_TXI3156C_PV,,R3101表面温度指示,DEGC,600,0,TXI3156C.PV,RDI_HLU1
498,HLU1_TXI3156D_PV,,R3101表面温度指示,DEGC,600,0,TXI3156D.PV,RDI_HLU1
499,HLU1_TXI3157_PV,,R3101表面温度指示,DEGC,600,0,TXI3157.PV,RDI_HLU1
500,HLU1_TXI3158A_PV,,R3101表面温度指示,DEGC,600,0,TXI3158A.PV,RDI_HLU1
501,HLU1_TXI3158B_PV,,R3101表面温度指示,DEGC,600,0,TXI3158B.PV,RDI_HLU1
502,HLU1_TXI3158C_PV,,R3101表面温度指示,DEGC,600,0,TXI3158C.PV,RDI_HLU1
503,HLU1_TXI3159_PV,,R3101表面温度指示,DEGC,600,0,TXI3159.PV,RDI_HLU1
504,HLU1_TXI3160_PV,,R3102表面温度指示,DEGC,600,0,TXI3160.PV,RDI_HLU1
505,HLU1_TXI3161A_PV,,R3102表面温度指示,DEGC,600,0,TXI3161A.PV,RDI_HLU1
506,HLU1_TXI3161B_PV,,R3102表面温度指示,DEGC,600,0,TXI3161B.PV,RDI_HLU1
507,HLU1_TXI3161C_PV,,R3102表面温度指示,DEGC,600,0,TXI3161C.PV,RDI_HLU1
508,HLU1_TXI3161D_PV,,R3102表面温度指示,DEGC,600,0,TXI3161D.PV,RDI_HLU1
509,HLU1_TXI3162A_PV,,R3102表面温度指示,DEGC,600,0,TXI3162A.PV,RDI_HLU1
510,HLU1_TXI3162B_PV,,R3102表面温度指示,DEGC,600,0,TXI3162B.PV,RDI_HLU1
511,HLU1_TXI3163A_PV,,R3102表面温度指示,DEGC,600,0,TXI3163A.PV,RDI_HLU1
512,HLU1_TXI3163B_PV,,R3102表面温度指示,DEGC,600,0,TXI3163B.PV,RDI_HLU1
513,HLU1_TXI3163C_PV,,R3102表面温度指示,DEGC,600,0,TXI3163C.PV,RDI_HLU1
514,HLU1_TXI3163D_PV,,R3102表面温度指示,DEGC,600,0,TXI3163D.PV,RDI_HLU1
515,HLU1_TXI3164A_PV,,R3102表面温度指示,DEGC,600,0,TXI3164A.PV,RDI_HLU1
516,HLU1_TXI3164B_PV,,R3102表面温度指示,DEGC,600,0,TXI3164B.PV,RDI_HLU1
517,HLU1_TXI3165A_PV,,R3102表面温度指示,DEGC,600,0,TXI3165A.PV,RDI_HLU1
518,HLU1_TXI3165B_PV,,R3102表面温度指示,DEGC,600,0,TXI3165B.PV,RDI_HLU1
519,HLU1_TXI3165C_PV,,R3102表面温度指示,DEGC,600,0,TXI3165C.PV,RDI_HLU1
520,HLU1_TXI3165D_PV,,R3102表面温度指示,DEGC,600,0,TXI3165D.PV,RDI_HLU1
521,HLU1_TXI3166A_PV,,R3102表面温度指示,DEGC,600,0,TXI3166A.PV,RDI_HLU1
522,HLU1_TXI3166B_PV,,R3102表面温度指示,DEGC,600,0,TXI3166B.PV,RDI_HLU1
523,HLU1_TXI3167A_PV,,R3102表面温度指示,DEGC,600,0,TXI3167A.PV,RDI_HLU1
524,HLU1_TXI3167B_PV,,R3102表面温度指示,DEGC,600,0,TXI3167B.PV,RDI_HLU1
525,HLU1_TXI3167C_PV,,R3102表面温度指示,DEGC,600,0,TXI3167C.PV,RDI_HLU1
526,HLU1_TXI3167D_PV,,R3102表面温度指示,DEGC,600,0,TXI3167D.PV,RDI_HLU1
527,HLU1_TXI3168_PV,,R3102表面温度指示,DEGC,600,0,TXI3168.PV,RDI_HLU1
528,HLU1_TXI3169A_PV,,R3102表面温度指示,DEGC,600,0,TXI3169A.PV,RDI_HLU1
529,HLU1_TXI3169B_PV,,R3102表面温度指示,DEGC,600,0,TXI3169B.PV,RDI_HLU1
530,HLU1_TXI3169C_PV,,R3102表面温度指示,DEGC,600,0,TXI3169C.PV,RDI_HLU1
531,HLU1_TXI3170_PV,,R3102表面温度指示,DEGC,600,0,TXI3170.PV,RDI_HLU1
532,HLU1_TXI3514_PV,,F3101炉管表面温度指示,DEGC,600,0,TXI3514.PV,RDI_HLU1
533,HLU1_TXI3515_PV,,F3101炉管表面温度指示,DEGC,600,0,TXI3515.PV,RDI_HLU1
534,HLU1_TXI3516_PV,,F3101炉管表面温度指示,DEGC,600,0,TXI3516.PV,RDI_HLU1
535,HLU1_TXI3517_PV,,F3101炉管表面温度指示,DEGC,600,0,TXI3517.PV,RDI_HLU1
536,HLU1_TXI3518_PV,,F3101炉管表面温度指示,DEGC,600,0,TXI3518.PV,RDI_HLU1
537,HLU1_TXI3519_PV,,F3101炉管表面温度指示,DEGC,600,0,TXI3519.PV,RDI_HLU1
538,HLU1_TXI3520_PV,,F3101炉管表面温度指示,DEGC,600,0,TXI3520.PV,RDI_HLU1
539,HLU1_TXI3521_PV,,F3101炉管表面温度指示,DEGC,600,0,TXI3521.PV,RDI_HLU1
540,HLU1_TXI3522_PV,,F3101炉管表面温度指示,DEGC,600,0,TXI3522.PV,RDI_HLU1
541,HLU1_TXI3523_PV,,F3101炉管表面温度指示,DEGC,600,0,TXI3523.PV,RDI_HLU1
542,HLU1_TXI3524_PV,,F3101炉管表面温度指示,DEGC,600,0,TXI3524.PV,RDI_HLU1
543,HLU1_TXI3525_PV,,F3101炉管表面温度指示,DEGC,600,0,TXI3525.PV,RDI_HLU1
544,HLU1_FI3304_PV,,D3303出口蒸汽流量,TONNE/HR,5,0,FI3304.PV,RDI_HLU1
545,HLU1_FIQ3304_PV,,D3303出口蒸汽流量测量,TONNE/HR,5,0,FIQ3304.PV,RDI_HLU1
